
create database PBRS;

use PBRS;

-------------------------------------TABLES----------------------------------

mysql>  CREATE TABLE users (
    ->  id INT NOT NULL PRIMARY KEY AUTO_INCREMENT,
    -> username VARCHAR(50) NOT NULL UNIQUE,
    ->  password VARCHAR(255) NOT NULL,
    ->  created_at DATETIME DEFAULT CURRENT_TIMESTAMP
    -> );

mysql> create table Route (Route_no int primary key,No_of_Bus int);
Query OK, 0 rows affected (0.45 sec)

mysql> create table Bus (Bus_no varchar(10) primary key,Route_no int,No_of_Seats int,foreign key(Route_no) references Route(Route_no));
Query OK, 0 rows affected (0.48 sec)

mysql> create table Reserve (USN varchar(50) primary key,Bus_no varchar(10),Seat_no int unique,Route_no int,Reserved_status char(2),foreign key(Route_no) references Route(Route_no),foreign key(USN) references users(username),foreign key(Bus_no) references Bus(Bus_no));
Query OK, 0 rows affected (0.52 sec)

 create table Filled (username varchar(50) primary key,Route_no int,Bus_no varchar(10),Seat_no int,foreign key(Route_no) references Route(Route_no),foreign key(username) references Reserve(USN),foreign key(Bus_no) references Bus(Bus_no),foreign key(Seat_no) references Reserve(Seat_no));

mysql> insert into Route values(1,3);
Query OK, 1 row affected (0.07 sec)

mysql> insert into Bus values('KA00034',1,50);
Query OK, 1 row affected (0.09 sec)

mysql> insert into Bus values('KA65640',1,50);
Query OK, 1 row affected (0.11 sec)

mysql> select * from Route;
+----------+-----------+
| Route_no | No_of_Bus |
+----------+-----------+
|        1 |         3 |
+----------+-----------+
1 row in set (0.03 sec)

mysql> select * from Bus;
+---------+----------+-------------+
| Bus_no  | Route_no | No_of_Seats |
+---------+----------+-------------+
| KA00034 |        1 |          50 |
| KA65640 |        1 |          50 |
+---------+----------+-------------+
2 rows in set (0.03 sec)

mysql> delimiter //
mysql> create trigger Before_Book
    -> before insert on Reserve
    -> for each row
    -> begin
    -> if (exists(select 1 from Reserve where Seat_no = NEW.Seat_no)) then
    -> Signal SQLSTATE VALUE '45000' set Message_text = 'This seat is already booked';
    -> end if;
    -> end //
Query OK, 0 rows affected (0.28 sec)

mysql> show triggers;
    -> //
+-------------+--------+---------+-----------------------------------------------------------------------------------------------------------------------------------------------------------------------+--------+------------------------+-------------------------------------------------------------------------------------------------------------------------------------------+----------------+----------------------+----------------------+--------------------+
| Trigger     | Event  | Table   | Statement                                                                                                                                                             | Timing | Created                | sql_mode                                                                                                                                  | Definer        | character_set_client | collation_connection | Database Collation |
+-------------+--------+---------+-----------------------------------------------------------------------------------------------------------------------------------------------------------------------+--------+------------------------+-------------------------------------------------------------------------------------------------------------------------------------------+----------------+----------------------+----------------------+--------------------+
| Before_Book | INSERT | Reserve | begin
if (exists(select 1 from Reserve where Seat_no = NEW.Seat_no)) then
Signal SQLSTATE VALUE '45000' set Message_text = 'This seat is already booked';
end if;
end | BEFORE | 2017-12-01 18:29:17.57 | ONLY_FULL_GROUP_BY,STRICT_TRANS_TABLES,NO_ZERO_IN_DATE,NO_ZERO_DATE,ERROR_FOR_DIVISION_BY_ZERO,NO_AUTO_CREATE_USER,NO_ENGINE_SUBSTITUTION | root@localhost | utf8                 | utf8_general_ci      | latin1_swedish_ci  |
+-------------+--------+---------+-----------------------------------------------------------------------------------------------------------------------------------------------------------------------+--------+------------------------+-------------------------------------------------------------------------------------------------------------------------------------------+----------------+----------------------+----------------------+--------------------+
1 row in set (0.00 sec)

mysql> delimiter ;

mysql>delimiter //

mysql> create procedure get_seat()  begin select Seat_no from Reserve ; end//
Query OK, 0 rows affected (0.23 sec)

mysql>delimiter ;
mysql> call get_seat();
+---------+
| Seat_no |
+---------+
|       1 |
+---------+
1 row in set (0.03 sec)

Query OK, 0 rows affected (0.03 sec)


mysql> show create procedure get_seat;
+-----------+-------------------------------------------------------------------------------------------------------------------------------------------+--------------------------------------------------------------------------------------------------+----------------------+----------------------+--------------------+
| Procedure | sql_mode                                                                                                                                  | Create Procedure                                                                                 | character_set_client | collation_connection | Database Collation |
+-----------+-------------------------------------------------------------------------------------------------------------------------------------------+--------------------------------------------------------------------------------------------------+----------------------+----------------------+--------------------+
| get_seat  | ONLY_FULL_GROUP_BY,STRICT_TRANS_TABLES,NO_ZERO_IN_DATE,NO_ZERO_DATE,ERROR_FOR_DIVISION_BY_ZERO,NO_AUTO_CREATE_USER,NO_ENGINE_SUBSTITUTION | CREATE DEFINER=`root`@`localhost` PROCEDURE `get_seat`()
begin select Seat_no from Reserve ; end | utf8                 | utf8_general_ci      | latin1_swedish_ci  |
+-----------+-------------------------------------------------------------------------------------------------------------------------------------------+--------------------------------------------------------------------------------------------------+----------------------+----------------------+--------------------+
1 row in set (0.00 sec)

mysql> 

mysql> delimiter ..
mysql> create procedure get_booked() begin select Seat_no from Reserve where Bus_no = 'KA00034'; end..
Query OK, 0 rows affected (0.00 sec)

mysql> delimiter;
    -> ;
    -> ..
ERROR 1064 (42000): You have an error in your SQL syntax; check the manual that corresponds to your MySQL server version for the right syntax to use near 'delimiter' at line 1
mysql> delimiter ;
mysql> delimiter ..
mysql> create procedure get_booked1() begin select Seat_no from Reserve where Bus_no = 'KA65640'; end..
Query OK, 0 rows affected (0.00 sec)

mysql> delimiter ;

